<?xml version="1.0" encoding="UTF-8"?>
<project xmlns="http://maven.apache.org/POM/4.0.0" xmlns:xsi="http://www.w3.org/2001/XMLSchema-instance" xsi:schemaLocation="http://maven.apache.org/POM/4.0.0 http://maven.apache.org/maven-v4_0_0.xsd">
  <modelVersion>4.0.0</modelVersion>
  <groupId>com.example.catalog</groupId>
  <artifactId>CatalogService</artifactId>
  <name>CatalogService</name>
  <version>1.0-SNAPSHOT</version>
  <url>http://maven.apache.org</url>
  <build>
    <plugins>
      <plugin>
        <artifactId>maven-compiler-plugin</artifactId>
        <version>3.8.1</version>
      </plugin>
      <plugin>
        <artifactId>maven-surefire-plugin</artifactId>
        <version>2.22.2</version>
        <configuration>
          <argLine>--add-opens java.base/java.lang=ALL-UNNAMED</argLine>
        </configuration>
      </plugin>
      <plugin>
        <groupId>org.codehaus.mojo</groupId>
        <artifactId>exec-maven-plugin</artifactId>
        <version>3.0.0</version>
        <configuration>
          <mainClass>com.example.catalog.CatalogPublisher</mainClass>
        </configuration>
      </plugin>
      <plugin>
        <artifactId>maven-jar-plugin</artifactId>
        <version>3.2.0</version>
        <configuration>
          <archive>
            <manifest>
              <mainClass>com.example.catalog.CatalogPublisher</mainClass>
            </manifest>
          </archive>
        </configuration>
      </plugin>
      <plugin>
        <artifactId>maven-shade-plugin</artifactId>
        <version>3.2.4</version>
        <executions>
          <execution>
            <phase>package</phase>
            <goals>
              <goal>shade</goal>
            </goals>
            <configuration>
              <transformers>
                <transformer>
                  <mainClass>com.example.catalog.CatalogPublisher</mainClass>
                </transformer>
              </transformers>
            </configuration>
          </execution>
        </executions>
      </plugin>
    </plugins>
  </build>
  <dependencies>
    <dependency>
      <groupId>junit</groupId>
      <artifactId>junit</artifactId>
      <version>3.8.1</version>
      <scope>test</scope>
    </dependency>
  </dependencies>
  <properties>
    <maven.compiler.target>11</maven.compiler.target>
    <exec.vmArgs>--add-opens java.base/jdk.internal.misc=ALL-UNNAMED
        --add-opens java.base/java.lang=ALL-UNNAMED
        --add-opens java.base/java.nio=ALL-UNNAMED
        --add-opens java.base/sun.nio.ch=ALL-UNNAMED
        --add-opens java.management/sun.management=ALL-UNNAMED
        --add-opens java.desktop/sun.awt=ALL-UNNAMED
        --add-exports java.base/sun.nio.ch=ALL-UNNAMED
        --add-exports java.base/sun.net.www.protocol.http=ALL-UNNAMED</exec.vmArgs>
    <maven.compiler.source>11</maven.compiler.source>
    <project.build.sourceEncoding>UTF-8</project.build.sourceEncoding>
  </properties>
</project>
