<?xml version="1.0" encoding="UTF-8"?>
<con:soapui-project id="641a051f-3e2b-4444-a8af-094c56ad0857" activeEnvironment="Default" name="SOUP_UI" resourceRoot="" soapui-version="5.9.0" xmlns:con="http://eviware.com/soapui/config"><con:settings/><con:interface xsi:type="con:WsdlInterface" id="63211fb8-a440-4d77-943a-cbc9e31bfdbb" wsaVersion="NONE" name="CatalogServiceImplPortBinding" type="wsdl" bindingName="{http://catalog.example.com/}CatalogServiceImplPortBinding" soapVersion="1_1" anonymous="optional" definition="http://localhost:8080/catalog?wsdl" xmlns:xsi="http://www.w3.org/2001/XMLSchema-instance"><con:settings/><con:definitionCache type="TEXT" rootPart="http://localhost:8080/catalog?wsdl"><con:part><con:url>http://localhost:8080/catalog?wsdl</con:url><con:content><![CDATA[<!--Published by JAX-WS RI (https://github.com/eclipse-ee4j/metro-jax-ws). RI's version is JAX-WS RI 3.0.0 git-revision#af8101a.-->
<!--Generated by JAX-WS RI (https://github.com/eclipse-ee4j/metro-jax-ws). RI's version is JAX-WS RI 3.0.0 git-revision#af8101a.-->
<definitions targetNamespace="http://catalog.example.com/" name="CatalogServiceImplService" xmlns:wsu="http://docs.oasis-open.org/wss/2004/01/oasis-200401-wss-wssecurity-utility-1.0.xsd" xmlns:wsp="http://www.w3.org/ns/ws-policy" xmlns:wsp1_2="http://schemas.xmlsoap.org/ws/2004/09/policy" xmlns:wsam="http://www.w3.org/2007/05/addressing/metadata" xmlns:soap="http://schemas.xmlsoap.org/wsdl/soap/" xmlns:tns="http://catalog.example.com/" xmlns:xsd="http://www.w3.org/2001/XMLSchema" xmlns="http://schemas.xmlsoap.org/wsdl/">
  <types>
    <xsd:schema>
      <xsd:import namespace="http://catalog.example.com/" schemaLocation="http://localhost:8080/catalog?xsd=1"/>
    </xsd:schema>
  </types>
  <message name="createProduct">
    <part name="parameters" element="tns:createProduct"/>
  </message>
  <message name="createProductResponse">
    <part name="parameters" element="tns:createProductResponse"/>
  </message>
  <message name="updateProduct">
    <part name="parameters" element="tns:updateProduct"/>
  </message>
  <message name="updateProductResponse">
    <part name="parameters" element="tns:updateProductResponse"/>
  </message>
  <message name="deleteProduct">
    <part name="parameters" element="tns:deleteProduct"/>
  </message>
  <message name="deleteProductResponse">
    <part name="parameters" element="tns:deleteProductResponse"/>
  </message>
  <message name="getAllProducts">
    <part name="parameters" element="tns:getAllProducts"/>
  </message>
  <message name="getAllProductsResponse">
    <part name="parameters" element="tns:getAllProductsResponse"/>
  </message>
  <message name="getProduct">
    <part name="parameters" element="tns:getProduct"/>
  </message>
  <message name="getProductResponse">
    <part name="parameters" element="tns:getProductResponse"/>
  </message>
  <portType name="CatalogService">
    <operation name="createProduct">
      <input wsam:Action="http://catalog.example.com/CatalogService/createProductRequest" message="tns:createProduct"/>
      <output wsam:Action="http://catalog.example.com/CatalogService/createProductResponse" message="tns:createProductResponse"/>
    </operation>
    <operation name="updateProduct">
      <input wsam:Action="http://catalog.example.com/CatalogService/updateProductRequest" message="tns:updateProduct"/>
      <output wsam:Action="http://catalog.example.com/CatalogService/updateProductResponse" message="tns:updateProductResponse"/>
    </operation>
    <operation name="deleteProduct">
      <input wsam:Action="http://catalog.example.com/CatalogService/deleteProductRequest" message="tns:deleteProduct"/>
      <output wsam:Action="http://catalog.example.com/CatalogService/deleteProductResponse" message="tns:deleteProductResponse"/>
    </operation>
    <operation name="getAllProducts">
      <input wsam:Action="http://catalog.example.com/CatalogService/getAllProductsRequest" message="tns:getAllProducts"/>
      <output wsam:Action="http://catalog.example.com/CatalogService/getAllProductsResponse" message="tns:getAllProductsResponse"/>
    </operation>
    <operation name="getProduct">
      <input wsam:Action="http://catalog.example.com/CatalogService/getProductRequest" message="tns:getProduct"/>
      <output wsam:Action="http://catalog.example.com/CatalogService/getProductResponse" message="tns:getProductResponse"/>
    </operation>
  </portType>
  <binding name="CatalogServiceImplPortBinding" type="tns:CatalogService">
    <soap:binding transport="http://schemas.xmlsoap.org/soap/http" style="document"/>
    <operation name="createProduct">
      <soap:operation soapAction=""/>
      <input>
        <soap:body use="literal"/>
      </input>
      <output>
        <soap:body use="literal"/>
      </output>
    </operation>
    <operation name="updateProduct">
      <soap:operation soapAction=""/>
      <input>
        <soap:body use="literal"/>
      </input>
      <output>
        <soap:body use="literal"/>
      </output>
    </operation>
    <operation name="deleteProduct">
      <soap:operation soapAction=""/>
      <input>
        <soap:body use="literal"/>
      </input>
      <output>
        <soap:body use="literal"/>
      </output>
    </operation>
    <operation name="getAllProducts">
      <soap:operation soapAction=""/>
      <input>
        <soap:body use="literal"/>
      </input>
      <output>
        <soap:body use="literal"/>
      </output>
    </operation>
    <operation name="getProduct">
      <soap:operation soapAction=""/>
      <input>
        <soap:body use="literal"/>
      </input>
      <output>
        <soap:body use="literal"/>
      </output>
    </operation>
  </binding>
  <service name="CatalogServiceImplService">
    <port name="CatalogServiceImplPort" binding="tns:CatalogServiceImplPortBinding">
      <soap:address location="http://localhost:8080/catalog"/>
    </port>
  </service>
</definitions>]]></con:content><con:type>http://schemas.xmlsoap.org/wsdl/</con:type></con:part><con:part><con:url>http://localhost:8080/catalog?xsd=1</con:url><con:content><![CDATA[<!--Published by JAX-WS RI (https://github.com/eclipse-ee4j/metro-jax-ws). RI's version is JAX-WS RI 3.0.0 git-revision#af8101a.-->
<xs:schema version="1.0" targetNamespace="http://catalog.example.com/" xmlns:tns="http://catalog.example.com/" xmlns:xs="http://www.w3.org/2001/XMLSchema">
  <xs:element name="createProduct" type="tns:createProduct"/>
  <xs:element name="createProductResponse" type="tns:createProductResponse"/>
  <xs:element name="deleteProduct" type="tns:deleteProduct"/>
  <xs:element name="deleteProductResponse" type="tns:deleteProductResponse"/>
  <xs:element name="getAllProducts" type="tns:getAllProducts"/>
  <xs:element name="getAllProductsResponse" type="tns:getAllProductsResponse"/>
  <xs:element name="getProduct" type="tns:getProduct"/>
  <xs:element name="getProductResponse" type="tns:getProductResponse"/>
  <xs:element name="product" type="tns:product"/>
  <xs:element name="updateProduct" type="tns:updateProduct"/>
  <xs:element name="updateProductResponse" type="tns:updateProductResponse"/>
  <xs:complexType name="getProduct">
    <xs:sequence>
      <xs:element name="arg0" type="xs:string" minOccurs="0"/>
    </xs:sequence>
  </xs:complexType>
  <xs:complexType name="getProductResponse">
    <xs:sequence>
      <xs:element name="return" type="tns:product" minOccurs="0"/>
    </xs:sequence>
  </xs:complexType>
  <xs:complexType name="product">
    <xs:sequence>
      <xs:element name="id" type="xs:string" minOccurs="0"/>
      <xs:element name="name" type="xs:string" minOccurs="0"/>
      <xs:element name="price" type="xs:double"/>
    </xs:sequence>
  </xs:complexType>
  <xs:complexType name="getAllProducts">
    <xs:sequence/>
  </xs:complexType>
  <xs:complexType name="getAllProductsResponse">
    <xs:sequence>
      <xs:element name="return" type="tns:product" minOccurs="0" maxOccurs="unbounded"/>
    </xs:sequence>
  </xs:complexType>
  <xs:complexType name="createProduct">
    <xs:sequence>
      <xs:element name="arg0" type="tns:product" minOccurs="0"/>
    </xs:sequence>
  </xs:complexType>
  <xs:complexType name="createProductResponse">
    <xs:sequence>
      <xs:element name="return" type="tns:product" minOccurs="0"/>
    </xs:sequence>
  </xs:complexType>
  <xs:complexType name="updateProduct">
    <xs:sequence>
      <xs:element name="arg0" type="xs:string" minOccurs="0"/>
      <xs:element name="arg1" type="tns:product" minOccurs="0"/>
    </xs:sequence>
  </xs:complexType>
  <xs:complexType name="updateProductResponse">
    <xs:sequence>
      <xs:element name="return" type="tns:product" minOccurs="0"/>
    </xs:sequence>
  </xs:complexType>
  <xs:complexType name="deleteProduct">
    <xs:sequence>
      <xs:element name="arg0" type="xs:string" minOccurs="0"/>
    </xs:sequence>
  </xs:complexType>
  <xs:complexType name="deleteProductResponse">
    <xs:sequence/>
  </xs:complexType>
</xs:schema>]]></con:content><con:type>http://www.w3.org/2001/XMLSchema</con:type></con:part></con:definitionCache><con:endpoints><con:endpoint>http://localhost:8080/catalog</con:endpoint></con:endpoints><con:operation id="f57dc129-3e34-4c73-813e-0812a2d84f06" isOneWay="false" action="" name="createProduct" bindingOperationName="createProduct" type="Request-Response" inputName="" receivesAttachments="false" sendsAttachments="false" anonymous="optional"><con:settings/><con:call id="6f7d6289-fd6e-42a1-be19-fe236c38bde0" name="Request 1"><con:settings><con:setting id="com.eviware.soapui.impl.wsdl.WsdlRequest@request-headers">&lt;xml-fragment/></con:setting></con:settings><con:encoding>UTF-8</con:encoding><con:endpoint>http://localhost:8080/catalog</con:endpoint><con:request><![CDATA[<soapenv:Envelope xmlns:soapenv="http://schemas.xmlsoap.org/soap/envelope/" xmlns:cat="http://catalog.example.com/">\r
   <soapenv:Header/>\r
   <soapenv:Body>\r
      <cat:createProduct>\r
         <!--Optional:-->\r
         <arg0>\r
            <!--Optional:-->\r
            <id>1</id>\r
            <!--Optional:-->\r
            <name>Product-1</name>\r
            <price>10</price>\r
         </arg0>\r
      </cat:createProduct>\r
   </soapenv:Body>\r
</soapenv:Envelope>]]></con:request><con:credentials><con:authType>No Authorization</con:authType></con:credentials><con:jmsConfig JMSDeliveryMode="PERSISTENT"/><con:jmsPropertyConfig/><con:wsaConfig mustUnderstand="NONE" version="200508" action="http://catalog.example.com/CatalogService/createProductRequest"/><con:wsrmConfig version="1.2"/></con:call></con:operation><con:operation id="92dbaca3-b622-4d27-9639-0a85a7dfa717" isOneWay="false" action="" name="deleteProduct" bindingOperationName="deleteProduct" type="Request-Response" inputName="" receivesAttachments="false" sendsAttachments="false" anonymous="optional"><con:settings/><con:call id="910ef494-c364-470b-9b5d-1c82cfdfbf78" name="Request 1"><con:settings/><con:encoding>UTF-8</con:encoding><con:endpoint>http://localhost:8080/catalog</con:endpoint><con:request><![CDATA[<soapenv:Envelope xmlns:soapenv="http://schemas.xmlsoap.org/soap/envelope/" xmlns:cat="http://catalog.example.com/">\r
   <soapenv:Header/>\r
   <soapenv:Body>\r
      <cat:deleteProduct>\r
         <!--Optional:-->\r
         <arg0>?</arg0>\r
      </cat:deleteProduct>\r
   </soapenv:Body>\r
</soapenv:Envelope>]]></con:request><con:wsaConfig mustUnderstand="NONE" version="200508" action="http://catalog.example.com/CatalogService/deleteProductRequest"/></con:call></con:operation><con:operation id="a43c4f70-0784-4938-b85d-12e5f39d14aa" isOneWay="false" action="" name="getAllProducts" bindingOperationName="getAllProducts" type="Request-Response" inputName="" receivesAttachments="false" sendsAttachments="false" anonymous="optional"><con:settings/><con:call id="d2678339-4330-42cf-a960-a865f8157f25" name="Request 1"><con:settings><con:setting id="com.eviware.soapui.impl.wsdl.WsdlRequest@request-headers">&lt;xml-fragment/></con:setting></con:settings><con:encoding>UTF-8</con:encoding><con:endpoint>http://localhost:8080/catalog</con:endpoint><con:request><![CDATA[<soapenv:Envelope xmlns:soapenv="http://schemas.xmlsoap.org/soap/envelope/" xmlns:cat="http://catalog.example.com/">\r
   <soapenv:Header/>\r
   <soapenv:Body>\r
      <cat:getAllProducts/>\r
   </soapenv:Body>\r
</soapenv:Envelope>]]></con:request><con:credentials><con:authType>No Authorization</con:authType></con:credentials><con:jmsConfig JMSDeliveryMode="PERSISTENT"/><con:jmsPropertyConfig/><con:wsaConfig mustUnderstand="NONE" version="200508" action="http://catalog.example.com/CatalogService/getAllProductsRequest"/><con:wsrmConfig version="1.2"/></con:call></con:operation><con:operation id="cd25ee24-e4e9-4e7a-b2eb-54377fae1dd8" isOneWay="false" action="" name="getProduct" bindingOperationName="getProduct" type="Request-Response" inputName="" receivesAttachments="false" sendsAttachments="false" anonymous="optional"><con:settings/><con:call id="3eff55c6-4041-4a6d-bef8-33e5db90a4d3" name="Request 1"><con:settings><con:setting id="com.eviware.soapui.impl.wsdl.WsdlRequest@request-headers">&lt;xml-fragment/></con:setting></con:settings><con:encoding>UTF-8</con:encoding><con:endpoint>http://localhost:8080/catalog</con:endpoint><con:request><![CDATA[<soapenv:Envelope xmlns:soapenv="http://schemas.xmlsoap.org/soap/envelope/" xmlns:cat="http://catalog.example.com/">\r
   <soapenv:Header/>\r
   <soapenv:Body>\r
      <cat:getProduct>\r
         <!--Optional:-->\r
         <arg0>3</arg0>\r
      </cat:getProduct>\r
   </soapenv:Body>\r
</soapenv:Envelope>]]></con:request><con:credentials><con:authType>No Authorization</con:authType></con:credentials><con:jmsConfig JMSDeliveryMode="PERSISTENT"/><con:jmsPropertyConfig/><con:wsaConfig mustUnderstand="NONE" version="200508" action="http://catalog.example.com/CatalogService/getProductRequest"/><con:wsrmConfig version="1.2"/></con:call></con:operation><con:operation id="a7b0867a-c7c6-4dbe-a981-ed1776aacac7" isOneWay="false" action="" name="updateProduct" bindingOperationName="updateProduct" type="Request-Response" inputName="" receivesAttachments="false" sendsAttachments="false" anonymous="optional"><con:settings/><con:call id="8ce6c9fa-c76b-40e6-ae58-dd31d5ccdfd6" name="Request 1"><con:settings/><con:encoding>UTF-8</con:encoding><con:endpoint>http://localhost:8080/catalog</con:endpoint><con:request><![CDATA[<soapenv:Envelope xmlns:soapenv="http://schemas.xmlsoap.org/soap/envelope/" xmlns:cat="http://catalog.example.com/">\r
   <soapenv:Header/>\r
   <soapenv:Body>\r
      <cat:updateProduct>\r
         <!--Optional:-->\r
         <arg0>?</arg0>\r
         <!--Optional:-->\r
         <arg1>\r
            <!--Optional:-->\r
            <id>?</id>\r
            <!--Optional:-->\r
            <name>?</name>\r
            <price>?</price>\r
         </arg1>\r
      </cat:updateProduct>\r
   </soapenv:Body>\r
</soapenv:Envelope>]]></con:request><con:wsaConfig mustUnderstand="NONE" version="200508" action="http://catalog.example.com/CatalogService/updateProductRequest"/></con:call></con:operation></con:interface><con:properties/><con:wssContainer/><con:oAuth2ProfileContainer/><con:oAuth1ProfileContainer/></con:soapui-project>